Workbook
Name emu: Sheet4!$B$10
Name euro: Sheet2!$B$9
Name tecaj: Sheet3!$B$10

Sheet Sheet1
B1: I | C1: II | D1: III | E1: IV | F1: V | G1: VI | H1: VII | I1: VIII | J1: IX | K1: X | L1: XI | M1: XII | N1: UKUPNO | O1: PROSJEK | P1: OTVOREN
A2: Vis | B2: 0 | C2: 0 | D2: 1000 | E2: 2000 | F2: 3000 | G2: 2000 | H2: 1000 | I2: 4000 | J2: 3000 | K2: 0 | L2: 0 | M2: 0 | N2: =SUM(B2:M2) -> 16000 | O2: =AVERAGE(B2:M2) -> 1333.3333 | P2: =COUNTIF(B2:M2,"<>0") -> 7
A3: Uvala | B3: 0 | C3: 0 | D3: 0 | E3: 2000 | F3: 2500 | G3: 3000 | H3: 3000 | I3: 2000 | J3: 1500 | K3: 1000 | L3: 0 | M3: 100 | N3: =SUM(B3:M3) -> 15100 | O3: =AVERAGE(B3:M3) -> 1258.3333 | P3: =COUNTIF(B3:M3,"<>0") -> 8
A4: Splendid | B4: 0 | C4: 200 | D4: 400 | E4: 1000 | F4: 1500 | G4: 1500 | H4: 1200 | I4: 2000 | J4: 1500 | K4: 500 | L4: 50 | M4: 200 | N4: =SUM(B4:M4) -> 10050 | O4: =AVERAGE(B4:M4) -> 837.5 | P4: =COUNTIF(B4:M4,"<>0") -> 11
A5: UKUPNO | B5: =SUM(B2:B4) -> 0 | C5: =SUM(C2:C4) -> 200 | D5: =SUM(D2:D4) -> 1400 | E5: =SUM(E2:E4) -> 5000 | F5: =SUM(F2:F4) -> 7000 | G5: =SUM(G2:G4) -> 6500 | H5: =SUM(H2:H4) -> 5200 | I5: =SUM(I2:I4) -> 8000 | ... N5: =SUM(N2:N4) -> 41150 | O5: =AVERAGE(B5:M5) -> 3429.1667
A6: PROSJEK | B6: =AVERAGE(B2:B4) -> 0 | C6: =AVERAGE(C2:C4) -> 66.666667 | D6: =AVERAGE(D2:D4) -> 466.66667 | E6: =AVERAGE(E2:E4) -> 1666.6667 | F6: =AVERAGE(F2:F4) -> 2333.3333 | G6: =AVERAGE(G2:G4) -> 2166.6667 | H6: =AVERAGE(H2:H4) -> 1733.3333 | I6: =AVERAGE(I2:I4) -> 2666.6667 | ... N6: =AVERAGE(N2:N4) -> 13716.667
A7: OTVOREN | B7: =COUNTIF(B2:B4,">0") -> 0 | C7: =COUNTIF(C2:C4,"<>0") -> 1 | D7: =COUNTIF(D2:D4,"<>0") -> 2 | E7: =COUNTIF(E2:E4,"<>0") -> 3 | F7: =COUNTIF(F2:F4,"<>0") -> 3 | G7: =COUNTIF(G2:G4,"<>0") -> 3 | H7: =COUNTIF(H2:H4,"<>0") -> 3 | I7: =COUNTIF(I2:I4,"<>0") -> 3 | J7: =COUNTIF(J2:J4,"<>0") -> 3 | ... M7: =COUNTIF(M2:M4,"<>0") -> 2
B8: =COUNTIF(B2:B4,">0") -> 0 | C8: =COUNTIF(C2:C4,">0") -> 1 | D8: =COUNTIF(D2:D4,">0") -> 2 | E8: =COUNTIF(E2:E4,">0") -> 3 | F8: =COUNTIF(F2:F4,">0") -> 3 | G8: =COUNTIF(G2:G4,">0") -> 3 | H8: =COUNTIF(H2:H4,">0") -> 3 | I8: =COUNTIF(I2:I4,">0") -> 3 | J8: =COUNTIF(J2:J4,">0") -> 3
B9: =D4*emu -> 2960

Sheet Sheet2
B1: I | C1: II | D1: III | E1: IV | F1: V | G1: VI | H1: VII | I1: VIII | J1: IX | K1: X | L1: XI | M1: XII | N1: UKUPNO | O1: PROSJEK
A2: Vis | B2: =Sheet1!B2/euro -> 0 | C2: =Sheet1!C2/euro -> 0 | D2: =Sheet1!D2/euro -> 135.13514 | E2: =Sheet1!E2/euro -> 270.27027 | F2: =Sheet1!F2/euro -> 405.40541 | G2: =Sheet1!G2/euro -> 270.27027 | H2: =Sheet1!H2/euro -> 135.13514 | I2: =Sheet1!I2/euro -> 540.54054 | ... M2: =Sheet1!M2/euro -> 0 | N2: =SUM(B2:M2) -> 2162.1622 | O2: =AVERAGE(B2:M2) -> 180.18018
A3: Uvala | B3: =Sheet1!B3/euro -> 0 | C3: =Sheet1!C3/euro -> 0 | D3: =Sheet1!D3/euro -> 0 | E3: =Sheet1!E3/euro -> 270.27027 | F3: =Sheet1!F3/euro -> 337.83784 | G3: =Sheet1!G3/euro -> 405.40541 | H3: =Sheet1!H3/euro -> 405.40541 | I3: =Sheet1!I3/euro -> 270.27027 | ... M3: =Sheet1!M3/euro -> 13.513514 | N3: =SUM(B3:M3) -> 2040.5405 | O3: =AVERAGE(B3:M3) -> 170.04505
A4: Splendid | B4: =Sheet1!B4/euro -> 0 | C4: =Sheet1!C4/euro -> 27.027027 | D4: =Sheet1!D4/euro -> 54.054054 | E4: =Sheet1!E4/euro -> 135.13514 | F4: =Sheet1!F4/euro -> 202.7027 | G4: =Sheet1!G4/euro -> 202.7027 | H4: =Sheet1!H4/euro -> 162.16216 | I4: =Sheet1!I4/euro -> 270.27027 | ... M4: =Sheet1!M4/euro -> 27.027027 | N4: =SUM(B4:M4) -> 1358.1081 | O4: =AVERAGE(B4:M4) -> 113.17568
A5: UKUPNO | B5: =SUM(B2:B4) -> 0 | C5: =SUM(C2:C4) -> 27.027027 | D5: =SUM(D2:D4) -> 189.18919 | E5: =SUM(E2:E4) -> 675.67568 | F5: =SUM(F2:F4) -> 945.94595 | G5: =SUM(G2:G4) -> 878.37838 | H5: =SUM(H2:H4) -> 702.7027 | I5: =SUM(I2:I4) -> 1081.0811 | ... N5: =SUM(N2:N4) -> 5560.8108 | O5: =AVERAGE(B5:M5) -> 463.4009
A6: PROSJEK | B6: =AVERAGE(B2:B4) -> 0 | C6: =AVERAGE(C2:C4) -> 9.009009 | D6: =AVERAGE(D2:D4) -> 63.063063 | E6: =AVERAGE(E2:E4) -> 225.22523 | F6: =AVERAGE(F2:F4) -> 315.31532 | G6: =AVERAGE(G2:G4) -> 292.79279 | H6: =AVERAGE(H2:H4) -> 234.23423 | I6: =AVERAGE(I2:I4) -> 360.36036 | ... N6: =AVERAGE(N2:N4) -> 1853.6036
B7: =IF(B5>300,"DOBRO", (IF(B5>200,"LOŠE","JAKO LOŠE"))) -> JAKO LOŠE | C7: =IF(C5>300,"DOBRO", (IF(C5>200,"LOŠE","JAKO LOŠE"))) -> JAKO LOŠE | D7: =IF(D5>300,"DOBRO", (IF(D5>200,"LOŠE","JAKO LOŠE"))) -> JAKO LOŠE | E7: =IF(E5>300,"DOBRO", (IF(E5>200,"LOŠE","JAKO LOŠE"))) -> DOBRO | F7: =IF(F5>300,"DOBRO", (IF(F5>200,"LOŠE","JAKO LOŠE"))) -> DOBRO | G7: =IF(G5>300,"DOBRO", (IF(G5>200,"LOŠE","JAKO LOŠE"))) -> DOBRO | H7: =IF(H5>300,"DOBRO", (IF(H5>200,"LOŠE","JAKO LOŠE"))) -> DOBRO | I7: =IF(I5>300,"DOBRO", (IF(I5>200,"LOŠE","JAKO LOŠE"))) -> DOBRO | ... M7: =IF(M5>300,"DOBRO", (IF(M5>200,"LOŠE","JAKO LOŠE"))) -> JAKO LOŠE
A9: EURO | B9: 7.4

Sheet Sheet3
B1: I | C1: II | D1: III | E1: IV | F1: V | G1: VI | H1: VII | I1: VIII | J1: IX | K1: X | L1: XI | M1: XII | N1: UKUPNO | O1: PROSJEK
A2: Vis | B2: =Sheet1!B2/Sheet3!$B$10 -> 0 | C2: =Sheet1!C2/Sheet3!$B$10 -> 0 | D2: =Sheet1!D2/Sheet3!$B$10 -> 135.13514 | E2: =Sheet1!E2/Sheet3!$B$10 -> 270.27027 | F2: =Sheet1!F2/Sheet3!$B$10 -> 405.40541 | G2: =Sheet1!G2/Sheet3!$B$10 -> 270.27027 | H2: =Sheet1!H2/Sheet3!$B$10 -> 135.13514 | I2: =Sheet1!I2/Sheet3!$B$10 -> 540.54054 | ... M2: =Sheet1!M2/Sheet3!$B$10 -> 0 | N2: =SUM(B2:M2) -> 2162.1622 | O2: =AVERAGE(B2:M2) -> 180.18018
A3: Uvala | B3: =Sheet1!B3/tecaj -> 0 | C3: =Sheet1!C3/tecaj -> 0 | D3: =Sheet1!D3/tecaj -> 0 | E3: =Sheet1!E3/tecaj -> 270.27027 | F3: =Sheet1!F3/tecaj -> 337.83784 | G3: =Sheet1!G3/tecaj -> 405.40541 | H3: =Sheet1!H3/tecaj -> 405.40541 | I3: =Sheet1!I3/tecaj -> 270.27027 | ... N3: =Sheet1!N3/tecaj -> 2040.5405 | O3: =AVERAGE(B3:M3) -> 170.04505
A4: Splendid | N4: =SUM(B4:M4) -> 0 | O4: =AVERAGE(B4:M4) -> #DIV/0!
A5: UKUPNO | B5: =SUM(B2:B4) -> 0 | C5: =SUM(C2:C4) -> 0 | D5: =SUM(D2:D4) -> 135.13514 | E5: =SUM(E2:E4) -> 540.54054 | F5: =SUM(F2:F4) -> 743.24324 | G5: =SUM(G2:G4) -> 675.67568 | H5: =SUM(H2:H4) -> 540.54054 | I5: =SUM(I2:I4) -> 810.81081 | ... N5: =SUM(N2:N4) -> 4202.7027 | O5: =AVERAGE(B5:M5) -> 350.22523
A6: PROSJEK | B6: =AVERAGE(B2:B4) -> 0 | C6: =AVERAGE(C2:C4) -> 0 | D6: =AVERAGE(D2:D4) -> 67.567568 | E6: =AVERAGE(E2:E4) -> 270.27027 | F6: =AVERAGE(F2:F4) -> 371.62162 | G6: =AVERAGE(G2:G4) -> 337.83784 | H6: =AVERAGE(H2:H4) -> 270.27027 | I6: =AVERAGE(I2:I4) -> 405.40541 | ... N6: =AVERAGE(N2:N4) -> 1400.9009
A7: KAKAV | B7: =IF(B6>300,"DOBAR",(IF(B6>100,"LOŠ","ZAO"))) -> ZAO | C7: =IF(C6>300,"DOBAR",(IF(C6>100,"LOŠ","ZAO"))) -> ZAO | D7: =IF(D6>300,"DOBAR",(IF(D6>100,"LOŠ","ZAO"))) -> ZAO | E7: =IF(E6>300,"DOBAR",(IF(E6>100,"LOŠ","ZAO"))) -> LOŠ | F7: =IF(F6>300,"DOBAR",(IF(F6>100,"LOŠ","ZAO"))) -> DOBAR | G7: =IF(G6>300,"DOBAR",(IF(G6>100,"LOŠ","ZAO"))) -> DOBAR | H7: =IF(H6>300,"DOBAR",(IF(H6>100,"LOŠ","ZAO"))) -> LOŠ | I7: =IF(I6>300,"DOBAR",(IF(I6>100,"LOŠ","ZAO"))) -> DOBAR | ... M7: =IF(M6>300,"DOBAR",(IF(M6>100,"LOŠ","ZAO"))) -> ZAO
A10: Euro | B10: 7.4

Sheet Sheet4
B1: I | C1: II | D1: III | E1: IV | F1: V | G1: VI | H1: VII | I1: VIII | J1: IX | K1: X | L1: XI | M1: XII | N1: UKUPNO | O1: PROSJEK
A2: Vis | B2: =Sheet1!B2/emu -> 0 | C2: =Sheet1!C2/emu -> 0 | D2: =Sheet1!D2/emu -> 135.13514 | E2: =Sheet1!E2/emu -> 270.27027 | F2: =Sheet1!F2/emu -> 405.40541 | G2: =Sheet1!G2/emu -> 270.27027 | H2: =Sheet1!H2/emu -> 135.13514 | I2: =Sheet1!I2/emu -> 540.54054 | ... K2: =Sheet1!K2/emu -> 0 | N2: =SUM(B2:M2) -> 2162.1622 | O2: =AVERAGE(B2:M2) -> 216.21622
A3: Uvala | B3: =Sheet1!B3/emu -> 0 | C3: =Sheet1!C3/emu -> 0 | D3: =Sheet1!D3/emu -> 0 | E3: =Sheet1!E3/emu -> 270.27027 | F3: =Sheet1!F3/emu -> 337.83784 | G3: =Sheet1!G3/emu -> 405.40541 | H3: =Sheet1!H3/emu -> 405.40541 | I3: =Sheet1!I3/emu -> 270.27027 | ... K3: =Sheet1!K3/emu -> 135.13514 | N3: =SUM(B3:M3) -> 2027.027 | O3: =AVERAGE(B3:M3) -> 202.7027
A4: Splendid | B4: =Sheet1!B4/emu -> 0 | C4: =Sheet1!C4/emu -> 27.027027 | D4: =Sheet1!D4/emu -> 54.054054 | E4: =Sheet1!E4/emu -> 135.13514 | F4: =Sheet1!F4/emu -> 202.7027 | G4: =Sheet1!G4/emu -> 202.7027 | H4: =Sheet1!H4/emu -> 162.16216 | I4: =Sheet1!I4/emu -> 270.27027 | ... K4: =Sheet1!K4/emu -> 67.567568 | N4: =SUM(B4:M4) -> 1324.3243 | O4: =AVERAGE(B4:M4) -> 132.43243
A5: UKUPNO | B5: =SUM(B2:B4) -> 0 | C5: =SUM(C2:C4) -> 27.027027 | D5: =SUM(D2:D4) -> 189.18919 | E5: =SUM(E2:E4) -> 675.67568 | F5: =SUM(F2:F4) -> 945.94595 | G5: =SUM(G2:G4) -> 878.37838 | H5: =SUM(H2:H4) -> 702.7027 | I5: =SUM(I2:I4) -> 1081.0811 | ... N5: =SUM(N2:N4) -> 5513.5135 | O5: =AVERAGE(B5:M5) -> 459.45946
A6: PROSJEK | B6: =AVERAGE(B2:B4) -> 0 | C6: =AVERAGE(C2:C4) -> 9.009009 | D6: =AVERAGE(D2:D4) -> 63.063063 | E6: =AVERAGE(E2:E4) -> 225.22523 | F6: =AVERAGE(F2:F4) -> 315.31532 | G6: =AVERAGE(G2:G4) -> 292.79279 | H6: =AVERAGE(H2:H4) -> 234.23423 | I6: =AVERAGE(I2:I4) -> 360.36036 | ... N6: =AVERAGE(N2:N4) -> 1837.8378
A7: KAKAV | B7: =IF(B6>300,"DOBAR",(IF(B6>100,"LOŠ","ZAO"))) -> ZAO | C7: =IF(C6>300,"DOBAR",(IF(C6>100,"LOŠ","ZAO"))) -> ZAO | D7: =IF(D6>300,"DOBAR",(IF(D6>100,"LOŠ","ZAO"))) -> ZAO | E7: =IF(E6>300,"DOBAR",(IF(E6>100,"LOŠ","ZAO"))) -> LOŠ | F7: =IF(F6>300,"DOBAR",(IF(F6>100,"LOŠ","ZAO"))) -> DOBAR | G7: =IF(G6>300,"DOBAR",(IF(G6>100,"LOŠ","ZAO"))) -> LOŠ | H7: =IF(H6>300,"DOBAR",(IF(H6>100,"LOŠ","ZAO"))) -> LOŠ | I7: =IF(I6>300,"DOBAR",(IF(I6>100,"LOŠ","ZAO"))) -> DOBAR | ... L7: =IF(L6>300,"DOBAR",(IF(L6>100,"LOŠ","ZAO"))) -> #DIV/0!
A10: EURO | B10: 7.4
